id,name,name_confidence,grade,live_frames,static_constant,static_label,notes
0,A,PROVEN LIVE + corroborated by the mask rule in all four builds,PROVEN LIVE,14,,A,single-bit mask inside press_group_A window (2026-09-27T17:09:23-04:00 .. 2026-09-27T17:10:15-04:00)
1,B,PROVEN LIVE + corroborated by the mask rule in all four builds,PROVEN LIVE,13,,B,single-bit mask inside press_group_A window (2026-09-27T17:09:23-04:00 .. 2026-09-27T17:10:15-04:00)
2,,UNKNOWN,UNKNOWN,0,,,no physical button produced this bit in any capture we hold
3,X,PROVEN LIVE + corroborated by the mask rule in all four builds,PROVEN LIVE,14,,X,single-bit mask inside press_group_A window (2026-09-27T17:09:23-04:00 .. 2026-09-27T17:10:15-04:00)
4,Y,PROVEN LIVE + corroborated by the mask rule in all four builds,PROVEN LIVE,14,,Y,single-bit mask inside press_group_A window (2026-09-27T17:09:23-04:00 .. 2026-09-27T17:10:15-04:00)
5,,UNKNOWN,UNKNOWN,0,,,no physical button produced this bit in any capture we hold
6,LB,PROVEN LIVE + corroborated by the mask rule in all four builds,PROVEN LIVE,57,,LB,single-bit mask inside press_group_B window (2026-09-27T17:10:49-04:00 .. 2026-09-27T17:11:34-04:00)
7,RB,PROVEN LIVE + corroborated by the mask rule in all four builds,PROVEN LIVE,46,keyL1,RB,single-bit mask inside press_group_B window (2026-09-27T17:10:49-04:00 .. 2026-09-27T17:11:34-04:00)
8,LT,PROVEN LIVE + corroborated by the mask rule in all four builds,PROVEN LIVE,13,keyR1,LT,single-bit mask inside press_group_B window (2026-09-27T17:10:49-04:00 .. 2026-09-27T17:11:34-04:00)
9,,UNKNOWN,UNKNOWN,0,keyL2,,RT: requested in press_group_B/D/E/F and three dedicated retries - NEVER appeared
10,View/Select,PROVEN LIVE + corroborated by the mask rule in all four builds,PROVEN LIVE,29,keyR2,View,single-bit mask inside press_group_C window (2026-09-27T17:11:53-04:00 .. 2026-09-27T17:12:27-04:00)
11,Menu/Start,PROVEN LIVE + corroborated by the mask rule in all four builds,PROVEN LIVE,44,keySelect,Menu,single-bit mask inside press_group_C window (2026-09-27T17:11:53-04:00 .. 2026-09-27T17:12:27-04:00)
12,Guide/Xbox,PROVEN LIVE + corroborated by the mask rule in all four builds,PROVEN LIVE,26,keyStart,UNKNOWN (was),single-bit mask inside press_group_E window (2026-09-27T17:13:26-04:00 .. 2026-09-27T17:14:27-04:00); no static label found in the builds we hold
13,L3,PROVEN LIVE + corroborated by the mask rule in all four builds,PROVEN LIVE,14,,L3,single-bit mask inside press_group_C window (2026-09-27T17:11:53-04:00 .. 2026-09-27T17:12:27-04:00)
14,R3,PROVEN LIVE + corroborated by the mask rule in all four builds,PROVEN LIVE,18,,R3,single-bit mask inside press_group_C window (2026-09-27T17:11:53-04:00 .. 2026-09-27T17:12:27-04:00)
15,Capture/Share,PROVEN LIVE + corroborated by the mask rule in all four builds,PROVEN LIVE,28,keyRThumb,Capture,single-bit mask inside press_group_E window (2026-09-27T17:13:26-04:00 .. 2026-09-27T17:14:27-04:00)
16,D-pad Up,PROVEN LIVE + corroborated by the mask rule in all four builds,PROVEN LIVE,66,keyCapture,D-pad Up,single-bit mask inside press_group_D window (2026-09-27T17:12:38-04:00 .. 2026-09-27T17:13:08-04:00)
17,D-pad Down,PROVEN LIVE + corroborated by the mask rule in all four builds,PROVEN LIVE,68,keyUp,D-pad Down,single-bit mask inside press_group_D window (2026-09-27T17:12:38-04:00 .. 2026-09-27T17:13:08-04:00)
18,D-pad Left,PROVEN LIVE + corroborated by the mask rule in all four builds,PROVEN LIVE,72,keyDown,D-pad Left,single-bit mask inside press_group_D window (2026-09-27T17:12:38-04:00 .. 2026-09-27T17:13:08-04:00)
19,D-pad Right,PROVEN LIVE + corroborated by the mask rule in all four builds,PROVEN LIVE,66,keyLeft,D-pad Right,single-bit mask inside press_group_D window (2026-09-27T17:12:38-04:00 .. 2026-09-27T17:13:08-04:00)
20,UNATTRIBUTED,PROVEN LIVE + corroborated by the mask rule in all four builds,PROVEN LIVE,19,keyRight,UNKNOWN (was),single-bit mask inside press_group_F window (2026-09-27T17:14:50-04:00 .. 2026-09-27T17:15:38-04:00); no static label found in the builds we hold
21,,UNKNOWN,UNKNOWN,0,,,no physical button produced this bit in any capture we hold
22,,UNKNOWN,UNKNOWN,0,,,no physical button produced this bit in any capture we hold
23,M1,PROVEN LIVE + corroborated by the mask rule in all four builds,PROVEN LIVE,22,,UNKNOWN (was),single-bit mask inside press_group_E window (2026-09-27T17:13:26-04:00 .. 2026-09-27T17:14:27-04:00); no static label found in the builds we hold
24,M2,PROVEN LIVE + corroborated by the mask rule in all four builds,PROVEN LIVE,28,keyM1,UNKNOWN (was),single-bit mask inside press_group_E window (2026-09-27T17:13:26-04:00 .. 2026-09-27T17:14:27-04:00); no static label found in the builds we hold
25,M3,PROVEN LIVE + corroborated by the mask rule in all four builds,PROVEN LIVE,24,keyM2,UNKNOWN (was),single-bit mask inside press_group_E window (2026-09-27T17:13:26-04:00 .. 2026-09-27T17:14:27-04:00); no static label found in the builds we hold
26,M4,PROVEN LIVE + corroborated by the mask rule in all four builds,PROVEN LIVE,21,keyM3,UNKNOWN (was),single-bit mask inside press_group_E window (2026-09-27T17:13:26-04:00 .. 2026-09-27T17:14:27-04:00); no static label found in the builds we hold
27,M5,PROVEN LIVE + corroborated by the mask rule in all four builds,PROVEN LIVE,19,keyM4,M5,single-bit mask inside press_group_F window (2026-09-27T17:14:50-04:00 .. 2026-09-27T17:15:38-04:00)
28,M6,PROVEN LIVE + corroborated by the mask rule in all four builds,PROVEN LIVE,17,,M6,single-bit mask inside press_group_F window (2026-09-27T17:14:50-04:00 .. 2026-09-27T17:15:38-04:00)
29,M7,PROVEN LIVE + corroborated by the mask rule in all four builds,PROVEN LIVE,24,,M7,single-bit mask inside press_group_F window (2026-09-27T17:14:50-04:00 .. 2026-09-27T17:15:38-04:00)
30,extra button (as pressed by the operator),PROVEN LIVE + corroborated by the mask rule in all four builds,PROVEN LIVE,13,,UNKNOWN (was),single-bit mask inside press_group_F window (2026-09-27T17:14:50-04:00 .. 2026-09-27T17:15:38-04:00); no static label found in the builds we hold
31,,UNKNOWN,UNKNOWN,0,,,no physical button produced this bit in any capture we hold
32,,UNKNOWN,UNKNOWN,0,,,no physical button produced this bit in any capture we hold
33,,UNKNOWN,UNKNOWN,0,,,no physical button produced this bit in any capture we hold
