t_epoch,delta_from_connect,dir,layer,opcode,handle,length,value,classification
1790563475.544945,0.112,TX,ATT,Read By Group Type Request,,0,,Read By Group Type Request
1790563475.592154,0.160,TX,ATT,Read By Group Type Response,0x0001,0x0008,0x000c,0,,Read By Group Type Response
1790563475.592723,0.160,TX,ATT,Read By Group Type Request,,0,,Read By Group Type Request
1790563475.652085,0.219,TX,ATT,Read By Group Type Response,0x001f,0,,Read By Group Type Response
1790563475.653183,0.221,TX,ATT,Read By Group Type Request,,0,,Read By Group Type Request
1790563475.712236,0.280,TX,ATT,Read By Group Type Response,0x0073,0,,Read By Group Type Response
1790563475.713542,0.281,TX,ATT,Read By Group Type Request,,0,,Read By Group Type Request
1790563475.772457,0.340,TX,ATT,Read By Group Type Response,0x0080,0,,Read By Group Type Response
1790563475.773900,0.341,TX,ATT,Read By Group Type Request,,0,,Read By Group Type Request
1790563475.832311,0.400,TX,ATT,Error Response,0x0086,0,,Error Response
1790563475.834757,0.402,TX,ATT,Read By Type Request,,0,,Read By Type Request
1790563475.847228,0.415,TX,ATT,Error Response,0x0001,0,,Error Response
1790563475.847839,0.415,TX,ATT,Read By Type Request,,0,,Read By Type Request
1790563475.862640,0.430,TX,ATT,Read By Type Response,0x0002,0x0003,0x0004,0x0005,0x0006,0x0007,0,,Read By Type Response
1790563475.863915,0.431,TX,ATT,Read By Type Request,,0,,Read By Type Request
1790563475.877285,0.445,TX,ATT,Error Response,0x0007,0,,Error Response
1790563475.878549,0.446,TX,ATT,Read By Type Request,,0,,Read By Type Request
1790563475.892408,0.460,TX,ATT,Error Response,0x0008,0,,Error Response
1790563475.894014,0.461,TX,ATT,Read By Type Request,,0,,Read By Type Request
1790563475.922615,0.490,TX,ATT,Read By Type Response,0x0009,0x000a,0,,Read By Type Response
1790563475.924435,0.492,TX,ATT,Read By Type Request,,0,,Read By Type Request
1790563475.939036,0.506,TX,ATT,Error Response,0x000a,0,,Error Response
1790563475.940706,0.508,TX,ATT,Find Information Request,,0,,Find Information Request
1790563475.953011,0.520,TX,ATT,Find Information Response,0x000b,0,,Find Information Response
1790563475.954186,0.522,TX,ATT,Read By Type Request,,0,,Read By Type Request
1790563475.967508,0.535,TX,ATT,Error Response,0x000c,0,,Error Response
1790563475.968731,0.536,TX,ATT,Read By Type Request,,0,,Read By Type Request
1790563475.982981,0.550,TX,ATT,Read By Type Response,0x000d,0x000e,0x000f,0x0010,0x0011,0x0012,0,,Read By Type Response
1790563475.984437,0.552,TX,ATT,Read By Type Request,,0,,Read By Type Request
1790563475.997533,0.565,TX,ATT,Read By Type Response,0x0013,0x0014,0x0015,0x0016,0x0017,0x0018,0,,Read By Type Response
1790563475.999419,0.567,TX,ATT,Read By Type Request,,0,,Read By Type Request
1790563476.012657,0.580,TX,ATT,Read By Type Response,0x0019,0x001a,0x001b,0x001c,0x001d,0x001e,0,,Read By Type Response
1790563476.014069,0.581,TX,ATT,Read By Type Request,,0,,Read By Type Request
1790563476.027167,0.595,TX,ATT,Error Response,0x001e,0,,Error Response
1790563476.028539,0.596,TX,ATT,Read By Type Request,,0,,Read By Type Request
1790563476.042582,0.610,TX,ATT,Error Response,0x001f,0,,Error Response
1790563476.043874,0.611,TX,ATT,Read By Type Request,,0,,Read By Type Request
1790563476.057420,0.625,TX,ATT,Read By Type Response,0x0020,0x0021,0,,Read By Type Response
1790563476.058092,0.625,TX,ATT,Read By Type Request,,0,,Read By Type Request
1790563476.072321,0.640,TX,ATT,Error Response,0x0021,0,,Error Response
1790563476.073834,0.641,TX,ATT,Find Information Request,,0,,Find Information Request
1790563476.088736,0.656,TX,ATT,Find Information Response,0x0022,0,,Find Information Response
1790563476.089995,0.657,TX,ATT,Read By Type Request,,0,,Read By Type Request
1790563476.102673,0.670,TX,ATT,Error Response,0x0073,0,,Error Response
1790563476.104377,0.672,TX,ATT,Read By Type Request,,0,,Read By Type Request
1790563476.140185,0.708,TX,ATT,Read By Type Response,0x0074,0x0075,0,,Read By Type Response
1790563476.141899,0.709,TX,ATT,Read By Type Request,,0,,Read By Type Request
1790563476.154912,0.722,TX,ATT,Read By Type Response,0x0076,0x0077,0,,Read By Type Response
1790563476.156021,0.723,TX,ATT,Read By Type Request,,0,,Read By Type Request
1790563476.169913,0.737,TX,ATT,Error Response,0x0077,0,,Error Response
1790563476.171491,0.739,TX,ATT,Find Information Request,,0,,Find Information Request
1790563476.185095,0.752,TX,ATT,Find Information Response,0x0078,0,,Find Information Response
1790563476.186533,0.754,TX,ATT,Read By Type Request,,0,,Read By Type Request
1790563476.200963,0.768,TX,ATT,Error Response,0x0080,0,,Error Response
1790563476.202403,0.770,TX,ATT,Read By Type Request,,0,,Read By Type Request
1790563476.229817,0.797,TX,ATT,Read By Type Response,0x0081,0x0082,0x0083,0x0084,0,,Read By Type Response
1790563476.230847,0.798,TX,ATT,Read By Type Request,,0,,Read By Type Request
1790563476.244611,0.812,TX,ATT,Error Response,0x0084,0,,Error Response
1790563476.245428,0.813,TX,ATT,Find Information Request,,0,,Find Information Request
1790563476.259481,0.827,TX,ATT,Find Information Response,0x0085,0,,Find Information Response
1790563476.265163,0.833,TX,ATT,Exchange MTU Request,,0,,Exchange MTU Request
1790563476.282127,0.849,TX,ATT,Exchange MTU Response,,0,,Exchange MTU Response
1790563476.641538,1.209,TX,ATT,Exchange MTU Request,,0,,Exchange MTU Request
1790563476.703027,1.270,TX,ATT,Exchange MTU Response,,0,,Exchange MTU Response
1790563476.726482,1.294,TX,ATT,Write Request,0x000b,0,,Write Request
1790563476.762455,1.330,TX,ATT,Write Response,0x000b,0,,Write Response
1790563476.771705,1.339,TX,ATT,Write Request,0x0078,0,,Write Request
1790563476.822565,1.390,TX,ATT,Write Response,0x0078,0,,Write Response
1790563534.388859,58.956,TX,ATT,Write Command,0x0075,12,a50cef0000000000000000a0,CONFIG_READ_EF
1790563534.414865,58.982,RX,ATT,Handle Value Notification,0x0077,12,a50cefbb921542f21f55802a,CONFIG_READ_EF
1790563534.425525,58.993,TX,ATT,Write Command,0x0075,4,a5040bb4,CTRL_QUERY_0B
1790563534.448344,59.016,RX,ATT,Handle Value Notification,0x0077,5,a5050b30e5,CTRL_REPLY_0B
1790563534.455988,59.023,TX,ATT,Write Command,0x0075,4,a504e28b,CONFIG_READ_E2
1790563534.460427,59.028,TX,ATT,Read Request,0x0016,0,,Read Request
1790563534.471268,59.039,RX,ATT,Handle Value Notification,0x0077,16,a510e22741025a4a2d5854000000007e,CONFIG_REPLY_E2
1790563534.482191,59.050,TX,ATT,Read Response,0x0016,0,,Read Response
1790563534.511879,59.079,TX,ATT,Write Command,0x0075,4,a504d47d,CONFIG_READ_D4
1790563534.538731,59.106,RX,ATT,Handle Value Notification,0x0077,7,a507d411010092,CONFIG_REPLY_D4
1790563534.720782,59.288,TX,ATT,Write Command,0x0075,4,a504d67f,CONFIG_READ_D6
1790563534.752621,59.320,RX,ATT,Handle Value Notification,0x0077,20,a414d6012c40009033ff000000000000000000bd,CONFIG_REPLY_D6
1790563534.764005,59.331,RX,ATT,Handle Value Notification,0x0077,20,a414d602000000000001001e1e4646000001005a,CONFIG_REPLY_D6
1790563534.787503,59.355,RX,ATT,Handle Value Notification,0x0077,20,a414d6031e1e464600000200020200000000005f,CONFIG_REPLY_D6
1790563534.797539,59.365,RX,ATT,Handle Value Notification,0x0077,20,a414d6040a3c3c2a000000000a3c3c2a000000ea,CONFIG_REPLY_D6
1790563534.809771,59.377,RX,ATT,Handle Value Notification,0x0077,20,a414d605000a3c3c2a000000000000000000003f,CONFIG_REPLY_D6
1790563534.832362,59.400,RX,ATT,Handle Value Notification,0x0077,20,a414d60600000000000000000000000000000094,CONFIG_REPLY_D6
1790563534.842992,59.410,RX,ATT,Handle Value Notification,0x0077,20,a414d60700000000000000000000000000000095,CONFIG_REPLY_D6
1790563534.865559,59.433,RX,ATT,Handle Value Notification,0x0077,20,a414d608000000000000000001020304050607b2,CONFIG_REPLY_D6
1790563534.876294,59.444,RX,ATT,Handle Value Notification,0x0077,20,a414d60908090a0b0c0d0e0f1011121314151678,CONFIG_REPLY_D6
1790563534.899845,59.467,RX,ATT,Handle Value Notification,0x0077,14,a40ed60a010d191a1b1c1d1e1f64,Handle Value Notification
1790563543.930561,68.498,TX,ATT,Write Command,0x0075,5,a505d2017d,D2_ENABLE
1790563543.955009,68.522,RX,ATT,Handle Value Notification,0x0077,5,a505d2017d,D2_ECHO
1790563543.955384,68.523,RX,ATT,Handle Value Notification,0x0077,5,a505d2017d,D2_ECHO
1790563580.292841,104.860,RX,ATT,Handle Value Notification,0x0077,18,a5120200000001fd6500b6fc4f0158000076,BUTTON_FRAME
1790563580.303774,104.871,RX,ATT,Handle Value Notification,0x0077,18,a5120200000001fd6500b6fc4f0158000076,BUTTON_FRAME
1790563580.326018,104.893,RX,ATT,Handle Value Notification,0x0077,18,a5120200000001fd6500b6fc4f0158000076,BUTTON_FRAME
1790563580.337355,104.905,RX,ATT,Handle Value Notification,0x0077,18,a5120200000001fd6500b6fc4f0158000076,BUTTON_FRAME
1790563580.348635,104.916,RX,ATT,Handle Value Notification,0x0077,18,a5120200000001fd6500b6fc4f0158000076,BUTTON_FRAME
1790563580.371723,104.939,RX,ATT,Handle Value Notification,0x0077,18,a5120200000001fd6500b6fc4f0158000076,BUTTON_FRAME
1790563580.383761,104.951,RX,ATT,Handle Value Notification,0x0077,18,a5120200000001fd6500b6fc4f0158000076,BUTTON_FRAME
1790563580.405922,104.973,RX,ATT,Handle Value Notification,0x0077,18,a5120200000001fd6500b6fc4f0158000076,BUTTON_FRAME
1790563580.416254,104.984,RX,ATT,Handle Value Notification,0x0077,18,a5120200000001fd6500b6fc4f0158000076,BUTTON_FRAME
1790563580.438900,105.006,RX,ATT,Handle Value Notification,0x0077,18,a5120200000001fd6500b6fc4f0158000076,BUTTON_FRAME
1790563580.450174,105.018,RX,ATT,Handle Value Notification,0x0077,18,a5120200000001fd6500b6fc4f0158000076,BUTTON_FRAME
1790563580.461276,105.029,RX,ATT,Handle Value Notification,0x0077,18,a5120200000001fd6500b6fc4f0158000076,BUTTON_FRAME
1790563580.484791,105.052,RX,ATT,Handle Value Notification,0x0077,18,a5120200000001fd6500b6fc4f0158000076,BUTTON_FRAME
1790563580.495320,105.063,RX,ATT,Handle Value Notification,0x0077,18,a5120200000001fd6500b6fc4f0158000076,BUTTON_FRAME
1790563580.518399,105.086,RX,ATT,Handle Value Notification,0x0077,18,a5120200000000fd6500b6fc4f0158000075,BUTTON_FRAME
1790563580.529039,105.096,RX,ATT,Handle Value Notification,0x0077,18,a5120200000000fd6500b6fc4f0158000075,BUTTON_FRAME
1790563580.551241,105.119,RX,ATT,Handle Value Notification,0x0077,18,a5120200000000fd6500b6fc4f0158000075,BUTTON_FRAME
1790563580.562609,105.130,RX,ATT,Handle Value Notification,0x0077,18,a5120200000000fd6500b6fc4f0158000075,BUTTON_FRAME
1790563580.573756,105.141,RX,ATT,Handle Value Notification,0x0077,18,a5120200000000fd6500b6fc4f0158000075,BUTTON_FRAME
1790563580.596585,105.164,RX,ATT,Handle Value Notification,0x0077,18,a5120200000000fd6500b6fc4f0158000075,BUTTON_FRAME
1790563580.607361,105.175,RX,ATT,Handle Value Notification,0x0077,18,a5120200000000fd6500b6fc4f0158000075,BUTTON_FRAME
1790563580.630141,105.198,RX,ATT,Handle Value Notification,0x0077,18,a5120200000000fd6500b6fc4f0158000075,BUTTON_FRAME
1790563580.641481,105.209,RX,ATT,Handle Value Notification,0x0077,18,a5120200000000fd6500b6fc4f0158000075,BUTTON_FRAME
1790563580.664383,105.232,RX,ATT,Handle Value Notification,0x0077,18,a5120200000000fd6500b6fc4f0158000075,BUTTON_FRAME
1790563580.675393,105.243,RX,ATT,Handle Value Notification,0x0077,18,a5120200000000fd6500b6fc4f0158000075,BUTTON_FRAME
1790563580.697522,105.265,RX,ATT,Handle Value Notification,0x0077,18,a5120200000000fd6500b6fc4f0158000075,BUTTON_FRAME
1790563580.708520,105.276,RX,ATT,Handle Value Notification,0x0077,18,a5120200000000fd6500b6fc4f0158000075,BUTTON_FRAME
1790563580.719928,105.287,RX,ATT,Handle Value Notification,0x0077,18,a5120200000000fd6500b6fc4f0158000075,BUTTON_FRAME
1790563580.742837,105.310,RX,ATT,Handle Value Notification,0x0077,18,a5120200000000fd6500b6fc4f0158000075,BUTTON_FRAME
1790563580.753630,105.321,RX,ATT,Handle Value Notification,0x0077,18,a5120200000000fd6500b6fc4f0158000075,BUTTON_FRAME
1790563580.776219,105.344,RX,ATT,Handle Value Notification,0x0077,18,a5120200000000fd6500b6fc4f0158000075,BUTTON_FRAME
1790563580.787647,105.355,RX,ATT,Handle Value Notification,0x0077,18,a5120200000000fd6500b6fc4f0158000075,BUTTON_FRAME
1790563580.810402,105.378,RX,ATT,Handle Value Notification,0x0077,18,a5120200000000fd6500b6fc4f0158000075,BUTTON_FRAME
1790563580.823116,105.390,RX,ATT,Handle Value Notification,0x0077,18,a5120200000000fd6500b6fc4f0158000075,BUTTON_FRAME
1790563580.843876,105.411,RX,ATT,Handle Value Notification,0x0077,18,a5120200000000fd6500b6fc4f0158000075,BUTTON_FRAME
1790563580.855382,105.423,RX,ATT,Handle Value Notification,0x0077,18,a5120200000000fd6500b6fc4f0158000075,BUTTON_FRAME
1790563580.866051,105.433,RX,ATT,Handle Value Notification,0x0077,18,a5120200000000fd6500b6fc4f0158000075,BUTTON_FRAME
1790563580.889922,105.457,RX,ATT,Handle Value Notification,0x0077,18,a5120200000000fd6500b6fc4f0158000075,BUTTON_FRAME
1790563580.901606,105.469,RX,ATT,Handle Value Notification,0x0077,18,a5120200000000fd6500b6fc4f0158000075,BUTTON_FRAME
1790563580.922517,105.490,RX,ATT,Handle Value Notification,0x0077,18,a5120200000000fd6500b6fc4f0158000075,BUTTON_FRAME
1790563580.933701,105.501,RX,ATT,Handle Value Notification,0x0077,18,a5120200000000fd6500b6fc4f0158000075,BUTTON_FRAME
1790563580.956253,105.524,RX,ATT,Handle Value Notification,0x0077,18,a5120200000000fd6500b6fc4f0158000075,BUTTON_FRAME
1790563580.967534,105.535,RX,ATT,Handle Value Notification,0x0077,18,a5120200000000fd6500b6fc4f0158000075,BUTTON_FRAME
1790563580.979060,105.546,RX,ATT,Handle Value Notification,0x0077,18,a5120200000000fd6500b6fc4f0158000075,BUTTON_FRAME
1790563581.001847,105.569,RX,ATT,Handle Value Notification,0x0077,18,a5120200000000fd6500b6fc4f0158000075,BUTTON_FRAME
1790563581.012639,105.580,RX,ATT,Handle Value Notification,0x0077,18,a5120200000000fd6500b6fc4f0158000075,BUTTON_FRAME
1790563581.036837,105.604,RX,ATT,Handle Value Notification,0x0077,18,a5120200000000fd6500b6fc4f0158000075,BUTTON_FRAME
1790563581.046492,105.614,RX,ATT,Handle Value Notification,0x0077,18,a5120200000000fd6500b6fc4f0158000075,BUTTON_FRAME
1790563581.068828,105.636,RX,ATT,Handle Value Notification,0x0077,18,a5120200000000fd6500b6fc4f0158000075,BUTTON_FRAME
1790563581.079958,105.647,RX,ATT,Handle Value Notification,0x0077,18,a5120200000000fd6500b6fc4f0158000075,BUTTON_FRAME
1790563581.102764,105.670,RX,ATT,Handle Value Notification,0x0077,18,a5120200000000fd6500b6fc4f0158000075,BUTTON_FRAME
1790563581.113720,105.681,RX,ATT,Handle Value Notification,0x0077,18,a5120200000000fd6500b6fc4f0158000075,BUTTON_FRAME
1790563581.124887,105.692,RX,ATT,Handle Value Notification,0x0077,18,a5120200000000fd6500b6fc4f0158000075,BUTTON_FRAME
1790563581.147537,105.715,RX,ATT,Handle Value Notification,0x0077,18,a5120200000000fd6500b6fc4f0158000075,BUTTON_FRAME
1790563581.158600,105.726,RX,ATT,Handle Value Notification,0x0077,18,a5120200000000fd6500b6fc4f0158000075,BUTTON_FRAME
1790563581.182118,105.749,RX,ATT,Handle Value Notification,0x0077,18,a5120200000000fd6500b6fc4f0158000075,BUTTON_FRAME
1790563581.192745,105.760,RX,ATT,Handle Value Notification,0x0077,18,a5120200000000fd6500b6fc4f0158000075,BUTTON_FRAME
1790563581.216325,105.784,RX,ATT,Handle Value Notification,0x0077,18,a5120200000000fd6500b6fc4f0158000075,BUTTON_FRAME
1790563581.226097,105.793,RX,ATT,Handle Value Notification,0x0077,18,a5120200000000fd6500b6fc4f0158000075,BUTTON_FRAME
1790563581.249492,105.817,RX,ATT,Handle Value Notification,0x0077,18,a5120200000000fd6500b6fc4f0158000075,BUTTON_FRAME
1790563581.260168,105.828,RX,ATT,Handle Value Notification,0x0077,18,a5120200000000fd6500b6fc4f0158000075,BUTTON_FRAME
1790563581.271271,105.839,RX,ATT,Handle Value Notification,0x0077,18,a5120200000000fd6500b6fc4f0158000075,BUTTON_FRAME
1790563581.293859,105.861,RX,ATT,Handle Value Notification,0x0077,18,a5120200000000fd6500b6fc4f0158000075,BUTTON_FRAME
1790563581.305019,105.872,RX,ATT,Handle Value Notification,0x0077,18,a5120200000000fd6500b6fc4f0158000075,BUTTON_FRAME
1790563581.327726,105.895,RX,ATT,Handle Value Notification,0x0077,18,a5120200000000fd6500b6fc4f0158000075,BUTTON_FRAME
1790563581.339082,105.906,RX,ATT,Handle Value Notification,0x0077,18,a5120200000000fd6500b6fc4f0158000075,BUTTON_FRAME
1790563581.361235,105.929,RX,ATT,Handle Value Notification,0x0077,18,a5120200000001fd6500b6fc4f0158000076,BUTTON_FRAME
1790563581.372457,105.940,RX,ATT,Handle Value Notification,0x0077,18,a5120200000001fd6500b6fc4f0158000076,BUTTON_FRAME
1790563581.383763,105.951,RX,ATT,Handle Value Notification,0x0077,18,a5120200000001fd6500b6fc4f0158000076,BUTTON_FRAME
1790563581.407527,105.975,RX,ATT,Handle Value Notification,0x0077,18,a5120200000001fd6500b6fc4f0158000076,BUTTON_FRAME
1790563581.417653,105.985,RX,ATT,Handle Value Notification,0x0077,18,a5120200000001fd6500b6fc4f0158000076,BUTTON_FRAME
1790563581.440038,106.007,RX,ATT,Handle Value Notification,0x0077,18,a5120200000001fd6500b6fc4f0158000076,BUTTON_FRAME
1790563581.451992,106.019,RX,ATT,Handle Value Notification,0x0077,18,a5120200000001fd6500b6fc4f0158000076,BUTTON_FRAME
1790563581.473932,106.041,RX,ATT,Handle Value Notification,0x0077,18,a5120200000001fd6500b6fc4f0158000076,BUTTON_FRAME
1790563581.486641,106.054,RX,ATT,Handle Value Notification,0x0077,18,a5120200000001fd6500b6fc4f0158000076,BUTTON_FRAME
1790563581.507774,106.075,RX,ATT,Handle Value Notification,0x0077,18,a5120200000001fd6500b6fc4f0158000076,BUTTON_FRAME
1790563581.518994,106.086,RX,ATT,Handle Value Notification,0x0077,18,a5120200000001fd6500b6fc4f0158000076,BUTTON_FRAME
1790563581.541606,106.109,RX,ATT,Handle Value Notification,0x0077,18,a5120200000001fd6500b6fc4f0158000076,BUTTON_FRAME
1790563581.552826,106.120,RX,ATT,Handle Value Notification,0x0077,18,a5120200000001fd6500b6fc4f0158000076,BUTTON_FRAME
1790563581.563908,106.131,RX,ATT,Handle Value Notification,0x0077,18,a5120200000001fd6500b6fc4f0158000076,BUTTON_FRAME
1790563581.586658,106.154,RX,ATT,Handle Value Notification,0x0077,18,a5120200000001fd6500b6fc4f0158000076,BUTTON_FRAME
1790563581.597618,106.165,RX,ATT,Handle Value Notification,0x0077,18,a5120200000000fd6500b6fc4f0158000075,BUTTON_FRAME
1790563581.619876,106.187,RX,ATT,Handle Value Notification,0x0077,18,a5120200000000fd6500b6fc4f0158000075,BUTTON_FRAME
1790563581.632337,106.200,RX,ATT,Handle Value Notification,0x0077,18,a5120200000000fd6500b6fc4f0158000075,BUTTON_FRAME
1790563581.653895,106.221,RX,ATT,Handle Value Notification,0x0077,18,a5120200000000fd6500b6fc4f0158000075,BUTTON_FRAME
1790563581.664894,106.232,RX,ATT,Handle Value Notification,0x0077,18,a5120200000000fd6500b6fc4f0158000075,BUTTON_FRAME
1790563581.676302,106.244,RX,ATT,Handle Value Notification,0x0077,18,a5120200000000fd6500b6fc4f0158000075,BUTTON_FRAME
1790563581.699812,106.267,RX,ATT,Handle Value Notification,0x0077,18,a5120200000000fd6500b6fc4f0158000075,BUTTON_FRAME
1790563581.709912,106.277,RX,ATT,Handle Value Notification,0x0077,18,a5120200000000fd6500b6fc4f0158000075,BUTTON_FRAME
1790563581.734543,106.302,RX,ATT,Handle Value Notification,0x0077,18,a5120200000000fd6500b6fc4f0158000075,BUTTON_FRAME
1790563581.743995,106.311,RX,ATT,Handle Value Notification,0x0077,18,a5120200000000fd6500b6fc4f0158000075,BUTTON_FRAME
1790563581.768720,106.336,RX,ATT,Handle Value Notification,0x0077,18,a5120200000000fd6500b6fc4f0158000075,BUTTON_FRAME
1790563581.778490,106.346,RX,ATT,Handle Value Notification,0x0077,18,a5120200000000fd6500b6fc4f0158000075,BUTTON_FRAME
1790563581.788635,106.356,RX,ATT,Handle Value Notification,0x0077,18,a5120200000000fd6500b6fc4f0158000075,BUTTON_FRAME
1790563581.812500,106.380,RX,ATT,Handle Value Notification,0x0077,18,a5120200000000fd6500b6fc4f0158000075,BUTTON_FRAME
1790563581.822504,106.390,RX,ATT,Handle Value Notification,0x0077,18,a5120200000000fd6500b6fc4f0158000075,BUTTON_FRAME
1790563581.845085,106.412,RX,ATT,Handle Value Notification,0x0077,18,a5120200000000fd6500b6fc4f0158000075,BUTTON_FRAME
1790563581.856166,106.424,RX,ATT,Handle Value Notification,0x0077,18,a5120200000000fd6500b6fc4f0158000075,BUTTON_FRAME
1790563581.879322,106.447,RX,ATT,Handle Value Notification,0x0077,18,a5120200000000fd6500b6fc4f0158000075,BUTTON_FRAME
1790563581.890523,106.458,RX,ATT,Handle Value Notification,0x0077,18,a5120200000000fd6500b6fc4f0158000075,BUTTON_FRAME
1790563581.912914,106.480,RX,ATT,Handle Value Notification,0x0077,18,a5120200000000fd6500b6fc4f0158000075,BUTTON_FRAME
1790563581.923936,106.491,RX,ATT,Handle Value Notification,0x0077,18,a5120200000000fd6500b6fc4f0158000075,BUTTON_FRAME
1790563581.935072,106.502,RX,ATT,Handle Value Notification,0x0077,18,a5120200000000fd6500b6fc4f0158000075,BUTTON_FRAME
1790563581.957909,106.525,RX,ATT,Handle Value Notification,0x0077,18,a5120200000000fd6500b6fc4f0158000075,BUTTON_FRAME
1790563581.968880,106.536,RX,ATT,Handle Value Notification,0x0077,18,a5120200000000fd6500b6fc4f0158000075,BUTTON_FRAME
1790563581.990977,106.558,RX,ATT,Handle Value Notification,0x0077,18,a5120200000000fd6500b6fc4f0158000075,BUTTON_FRAME
1790563582.002489,106.570,RX,ATT,Handle Value Notification,0x0077,18,a5120200000000fd6500b6fc4f0158000075,BUTTON_FRAME
1790563582.027109,106.594,RX,ATT,Handle Value Notification,0x0077,18,a5120200000000fd6500b6fc4f0158000075,BUTTON_FRAME
1790563582.036570,106.604,RX,ATT,Handle Value Notification,0x0077,18,a5120200000000fd6500b6fc4f0158000075,BUTTON_FRAME
1790563582.058694,106.626,RX,ATT,Handle Value Notification,0x0077,18,a5120200000000fd6500b6fc4f0158000075,BUTTON_FRAME
1790563582.070442,106.638,RX,ATT,Handle Value Notification,0x0077,18,a5120200000000fd6500b6fc4f0158000075,BUTTON_FRAME
1790563582.082379,106.650,RX,ATT,Handle Value Notification,0x0077,18,a5120200000000fd6500b6fc4f0158000075,BUTTON_FRAME
1790563582.103809,106.671,RX,ATT,Handle Value Notification,0x0077,18,a5120200000000fd6500b6fc4f0158000075,BUTTON_FRAME
1790563582.115362,106.683,RX,ATT,Handle Value Notification,0x0077,18,a5120200000000fd6500b6fc4f0158000075,BUTTON_FRAME
1790563582.137532,106.705,RX,ATT,Handle Value Notification,0x0077,18,a5120200000000fd6500b6fc4f0158000075,BUTTON_FRAME
1790563582.148635,106.716,RX,ATT,Handle Value Notification,0x0077,18,a5120200000000fd6500b6fc4f0158000075,BUTTON_FRAME
1790563582.171984,106.739,RX,ATT,Handle Value Notification,0x0077,18,a5120200000000fd6500b6fc4f0158000075,BUTTON_FRAME
1790563582.183078,106.750,RX,ATT,Handle Value Notification,0x0077,18,a5120200000000fd6500b6fc4f0158000075,BUTTON_FRAME
1790563582.193818,106.761,RX,ATT,Handle Value Notification,0x0077,18,a5120200000000fd6500b6fc4f0158000075,BUTTON_FRAME
1790563582.216823,106.784,RX,ATT,Handle Value Notification,0x0077,18,a5120200000000fd6500b6fc4f0158000075,BUTTON_FRAME
1790563582.229119,106.796,RX,ATT,Handle Value Notification,0x0077,18,a5120200000000fd6500b6fc4f0158000075,BUTTON_FRAME
1790563582.250328,106.818,RX,ATT,Handle Value Notification,0x0077,18,a5120200000000fd6500b6fc4f0158000075,BUTTON_FRAME
1790563582.261377,106.829,RX,ATT,Handle Value Notification,0x0077,18,a5120200000000fd6500b6fc4f0158000075,BUTTON_FRAME
1790563582.284006,106.851,RX,ATT,Handle Value Notification,0x0077,18,a5120200000000fd6500b6fc4f0158000075,BUTTON_FRAME
1790563582.295307,106.863,RX,ATT,Handle Value Notification,0x0077,18,a5120200000000fd6500b6fc4f0158000075,BUTTON_FRAME
1790563582.317761,106.885,RX,ATT,Handle Value Notification,0x0077,18,a5120200000000fd6500b6fc4f0158000075,BUTTON_FRAME
1790563582.329998,106.897,RX,ATT,Handle Value Notification,0x0077,18,a5120200000000fd6500b6fc4f0158000075,BUTTON_FRAME
1790563582.339896,106.907,RX,ATT,Handle Value Notification,0x0077,18,a5120200000000fd6500b6fc4f0158000075,BUTTON_FRAME
1790563582.362942,106.930,RX,ATT,Handle Value Notification,0x0077,18,a5120200000000fd6500b6fc4f0158000075,BUTTON_FRAME
1790563582.373850,106.941,RX,ATT,Handle Value Notification,0x0077,18,a5120200000000fd6500b6fc4f0158000075,BUTTON_FRAME
1790563582.398684,106.966,RX,ATT,Handle Value Notification,0x0077,18,a5120200000000fd6500b6fc4f0158000075,BUTTON_FRAME
1790563582.418851,106.986,RX,ATT,Handle Value Notification,0x0077,18,a5120200000000fd6500b6fc4f0158000075,BUTTON_FRAME
1790563582.430400,106.998,RX,ATT,Handle Value Notification,0x0077,18,a5120200000000fd6500b6fc4f0158000075,BUTTON_FRAME
1790563582.441630,107.009,RX,ATT,Handle Value Notification,0x0077,18,a5120200000000fd6500b6fc4f0158000075,BUTTON_FRAME
1790563582.463662,107.031,RX,ATT,Handle Value Notification,0x0077,18,a5120200000000fd6500b6fc4f0158000075,BUTTON_FRAME
1790563582.475811,107.043,RX,ATT,Handle Value Notification,0x0077,18,a5120200000000fd6500b6fc4f0158000075,BUTTON_FRAME
1790563582.486922,107.054,RX,ATT,Handle Value Notification,0x0077,18,a5120200000000fd6500b6fc4f0158000075,BUTTON_FRAME
1790563582.508803,107.076,RX,ATT,Handle Value Notification,0x0077,18,a5120200000000fd6500b6fc4f0158000075,BUTTON_FRAME
1790563582.520150,107.088,RX,ATT,Handle Value Notification,0x0077,18,a5120200000000fd6500b6fc4f0158000075,BUTTON_FRAME
1790563582.542453,107.110,RX,ATT,Handle Value Notification,0x0077,18,a5120200000000fd6500b6fc4f0158000075,BUTTON_FRAME
1790563582.553895,107.121,RX,ATT,Handle Value Notification,0x0077,18,a5120200000000fd6500b6fc4f0158000075,BUTTON_FRAME
1790563582.577921,107.145,RX,ATT,Handle Value Notification,0x0077,18,a5120200000000fd6500b6fc4f0158000075,BUTTON_FRAME
1790563582.589140,107.157,RX,ATT,Handle Value Notification,0x0077,18,a5120200000000fd6500b6fc4f0158000075,BUTTON_FRAME
1790563582.599305,107.167,RX,ATT,Handle Value Notification,0x0077,18,a5120200000000fd6500b6fc4f0158000075,BUTTON_FRAME
1790563582.621398,107.189,RX,ATT,Handle Value Notification,0x0077,18,a5120200000000fd6500b6fc4f0158000075,BUTTON_FRAME
1790563582.632776,107.200,RX,ATT,Handle Value Notification,0x0077,18,a5120200000000fd6500b6fc4f0158000075,BUTTON_FRAME
1790563582.655004,107.222,RX,ATT,Handle Value Notification,0x0077,18,a5120200000000fd6500b6fc4f0158000075,BUTTON_FRAME
1790563582.666662,107.234,RX,ATT,Handle Value Notification,0x0077,18,a5120200000000fd6500b6fc4f0158000075,BUTTON_FRAME
1790563582.688736,107.256,RX,ATT,Handle Value Notification,0x0077,18,a5120200000000fd6500b6fc4f0158000075,BUTTON_FRAME
1790563582.700130,107.267,RX,ATT,Handle Value Notification,0x0077,18,a5120200000000fd6500b6fc4f0158000075,BUTTON_FRAME
1790563582.722866,107.290,RX,ATT,Handle Value Notification,0x0077,18,a5120200000000fd6500b6fc4f0158000075,BUTTON_FRAME
1790563582.733915,107.301,RX,ATT,Handle Value Notification,0x0077,18,a5120200000000fd6500b6fc4f0158000075,BUTTON_FRAME
1790563582.745430,107.313,RX,ATT,Handle Value Notification,0x0077,18,a5120200000000fd6500b6fc4f0158000075,BUTTON_FRAME
1790563582.767533,107.335,RX,ATT,Handle Value Notification,0x0077,18,a5120200000000fd6500b6fc4f0158000075,BUTTON_FRAME
1790563582.778678,107.346,RX,ATT,Handle Value Notification,0x0077,18,a5120200000000fd6500b6fc4f0158000075,BUTTON_FRAME
1790563604.958856,129.526,TX,ATT,Write Command,0x0075,5,a505d2007c,D2_DISABLE
1790563604.975117,129.542,RX,ATT,Handle Value Notification,0x0077,5,a505d2007c,D2_ECHO
1790563604.976550,129.544,RX,ATT,Handle Value Notification,0x0077,5,a505d2007c,D2_ECHO
