case,monotonic_s,event,detail
C0,20.027,discovered,"2D:37:35:6D:66:11"
C0,31.805,connected,"True"
C0,32.337,notify_started,"0000ffe2-0000-1000-8000-00805f9b34fb"
C0,32.337,TX:0B sanity,"a5040bb4"
C0,32.355,RX:notify,"a5050b30e5"
C0,34.339,sanity,"ok"
C0,34.339,TX:D2 disable (pre),"a505d2007c"
C0,34.355,RX:notify,"a505d2007c"
C0,34.355,RX:notify,"a505d2007c"
C0,35.842,TX:D2 enable,"a505d2017d"
C0,35.842,observe_start,"10.0s"
C0,35.855,RX:notify,"a505d2017d"
C0,35.855,RX:notify,"a505d2017d"
C0,45.844,TX:D2 disable (post),"a505d2007c"
C0,45.861,RX:notify,"a505d2007c"
C0,45.869,RX:notify,"a505d2007c"
C0,49.267,disconnected,""
C0,20.045,discovered,"2D:37:35:6D:66:11"
C0,20.325,connected,"True"
C0,20.598,notify_started,"0000ffe2-0000-1000-8000-00805f9b34fb"
C0,20.598,TX:0B sanity,"a5040bb4"
C0,20.62,RX:notify,"a5050b30e5"
C0,22.6,sanity,"ok"
C0,22.603,TX:D2 disable (pre),"a505d2007c"
C0,22.636,RX:notify,"a505d2007c"
C0,24.106,TX:D2 enable,"a505d2017d"
C0,24.106,observe_start,"10.0s"
C0,24.13,RX:notify,"a505d2017d"
C0,34.117,TX:D2 disable (post),"a505d2007c"
C0,34.14,RX:notify,"a505d2007c"
C0,37.735,disconnected,""
