delta_s,kind,frame,att_op,handle,value,d6_ordinal,detail
0.0,LE_ENHANCED_CONNECTION_COMPLETE,4274,,,,,"{""interval_ms"": 30.0, ""latency"": 0, ""supervision_timeout_ms"": 5000, ""role"": ""Currently the Central for specified BD_ADDR"", ""peer_addr_type"": ""Public Device Address"", ""peer_address"": null}"
0.0,LE_CONNECTION_UPDATE_COMPLETE,4320,,,,,"{""interval_ms"": 7.5, ""latency"": 0, ""supervision_timeout_ms"": 5000}"
0.0,LE_CONNECTION_UPDATE_COMPLETE,4407,,,,,"{""interval_ms"": 30.0, ""latency"": 0, ""supervision_timeout_ms"": 5000}"
0.0,LE_CONNECTION_UPDATE_COMPLETE,4426,,,,,"{""interval_ms"": 11.25, ""latency"": 0, ""supervision_timeout_ms"": 2000}"
0.112,DISCOVER_GROUP_TYPE_REQ,4298,0x10,,,,
0.16,DISCOVER_GROUP_TYPE_RSP,4302,0x11,"0x0001,0x0008,0x000c",,,
0.16,DISCOVER_GROUP_TYPE_REQ,4303,0x10,,,,
0.219,DISCOVER_GROUP_TYPE_RSP,4305,0x11,0x001f,,,
0.221,DISCOVER_GROUP_TYPE_REQ,4306,0x10,,,,
0.28,DISCOVER_GROUP_TYPE_RSP,4311,0x11,0x0073,,,
0.281,DISCOVER_GROUP_TYPE_REQ,4312,0x10,,,,
0.34,DISCOVER_GROUP_TYPE_RSP,4316,0x11,0x0080,,,
0.341,DISCOVER_GROUP_TYPE_REQ,4317,0x10,,,,
0.4,OTHER:0x01,4319,0x01,0x0086,,,
0.402,DISCOVER_READ_BY_TYPE_REQ,4321,0x08,,,,
0.415,OTHER:0x01,4323,0x01,0x0001,,,
0.415,DISCOVER_READ_BY_TYPE_REQ,4324,0x08,,,,
0.43,DISCOVER_READ_BY_TYPE_RSP,4326,0x09,"0x0002,0x0003,0x0004,0x0005,0x0006,0x0007",,,
0.431,DISCOVER_READ_BY_TYPE_REQ,4327,0x08,,,,
0.445,OTHER:0x01,4329,0x01,0x0007,,,
0.446,DISCOVER_READ_BY_TYPE_REQ,4330,0x08,,,,
0.46,OTHER:0x01,4332,0x01,0x0008,,,
0.461,DISCOVER_READ_BY_TYPE_REQ,4333,0x08,,,,
0.49,DISCOVER_READ_BY_TYPE_RSP,4335,0x09,"0x0009,0x000a",,,
0.492,DISCOVER_READ_BY_TYPE_REQ,4336,0x08,,,,
0.506,OTHER:0x01,4338,0x01,0x000a,,,
0.508,DISCOVER_FIND_INFO_REQ,4340,0x04,,,,
0.52,DISCOVER_FIND_INFO_RSP,4342,0x05,0x000b,,,
0.522,DISCOVER_READ_BY_TYPE_REQ,4343,0x08,,,,
0.535,OTHER:0x01,4345,0x01,0x000c,,,
0.536,DISCOVER_READ_BY_TYPE_REQ,4346,0x08,,,,
0.55,DISCOVER_READ_BY_TYPE_RSP,4349,0x09,"0x000d,0x000e,0x000f,0x0010,0x0011,0x0012",,,
0.552,DISCOVER_READ_BY_TYPE_REQ,4350,0x08,,,,
0.565,DISCOVER_READ_BY_TYPE_RSP,4352,0x09,"0x0013,0x0014,0x0015,0x0016,0x0017,0x0018",,,
0.567,DISCOVER_READ_BY_TYPE_REQ,4353,0x08,,,,
0.58,DISCOVER_READ_BY_TYPE_RSP,4355,0x09,"0x0019,0x001a,0x001b,0x001c,0x001d,0x001e",,,
0.581,DISCOVER_READ_BY_TYPE_REQ,4356,0x08,,,,
0.595,OTHER:0x01,4358,0x01,0x001e,,,
0.596,DISCOVER_READ_BY_TYPE_REQ,4359,0x08,,,,
0.61,OTHER:0x01,4361,0x01,0x001f,,,
0.611,DISCOVER_READ_BY_TYPE_REQ,4362,0x08,,,,
0.625,DISCOVER_READ_BY_TYPE_RSP,4364,0x09,"0x0020,0x0021",,,
0.625,DISCOVER_READ_BY_TYPE_REQ,4365,0x08,,,,
0.64,OTHER:0x01,4367,0x01,0x0021,,,
0.641,DISCOVER_FIND_INFO_REQ,4368,0x04,,,,
0.656,DISCOVER_FIND_INFO_RSP,4371,0x05,0x0022,,,
0.657,DISCOVER_READ_BY_TYPE_REQ,4372,0x08,,,,
0.67,OTHER:0x01,4374,0x01,0x0073,,,
0.672,DISCOVER_READ_BY_TYPE_REQ,4375,0x08,,,,
0.708,DISCOVER_READ_BY_TYPE_RSP,4377,0x09,"0x0074,0x0075",,,
0.709,DISCOVER_READ_BY_TYPE_REQ,4378,0x08,,,,
0.722,DISCOVER_READ_BY_TYPE_RSP,4380,0x09,"0x0076,0x0077",,,
0.723,DISCOVER_READ_BY_TYPE_REQ,4381,0x08,,,,
0.737,OTHER:0x01,4383,0x01,0x0077,,,
0.739,DISCOVER_FIND_INFO_REQ,4384,0x04,,,,
0.752,DISCOVER_FIND_INFO_RSP,4386,0x05,0x0078,,,
0.754,DISCOVER_READ_BY_TYPE_REQ,4387,0x08,,,,
0.768,OTHER:0x01,4391,0x01,0x0080,,,
0.77,DISCOVER_READ_BY_TYPE_REQ,4392,0x08,,,,
0.797,DISCOVER_READ_BY_TYPE_RSP,4395,0x09,"0x0081,0x0082,0x0083,0x0084",,,
0.798,DISCOVER_READ_BY_TYPE_REQ,4396,0x08,,,,
0.812,OTHER:0x01,4398,0x01,0x0084,,,
0.813,DISCOVER_FIND_INFO_REQ,4399,0x04,,,,
0.827,DISCOVER_FIND_INFO_RSP,4401,0x05,0x0085,,,
0.833,MTU_REQUEST,4403,0x02,,,,
0.849,MTU_RESPONSE,4406,0x03,,,,
1.209,MTU_REQUEST,4410,0x02,,,,
1.27,MTU_RESPONSE,4412,0x03,,,,
1.294,WRITE_REQUEST,4413,0x12,0x000b,,,
1.33,WRITE_RESPONSE,4416,0x13,0x000b,,,
1.339,WRITE_REQUEST,4417,0x12,0x0078,,,
1.39,WRITE_RESPONSE,4419,0x13,0x0078,,,
58.956,QUERY_EF,6245,0x52,0x0075,a50cef0000000000000000a0,,
58.982,REPLY_EF,6247,0x1b,0x0077,a50cefbb921542f21f55802a,,
58.993,QUERY_0B,6248,0x52,0x0075,a5040bb4,,
59.016,REPLY_0B,6250,0x1b,0x0077,a5050b30e5,,
59.023,QUERY_E2,6251,0x52,0x0075,a504e28b,,
59.028,OTHER:0x0a,6253,0x0a,0x0016,,,
59.039,REPLY_E2,6255,0x1b,0x0077,a510e22741025a4a2d5854000000007e,,
59.05,OTHER:0x0b,6256,0x0b,0x0016,,,
59.079,QUERY_D4,6257,0x52,0x0075,a504d47d,,
59.106,REPLY_D4,6259,0x1b,0x0077,a507d411010092,,
59.288,QUERY_D6,6265,0x52,0x0075,a504d67f,,
59.32,REPLY_D6_FRAGMENT,6267,0x1b,0x0077,a414d6012c40009033ff000000000000000000bd,1,
59.331,REPLY_D6_FRAGMENT,6268,0x1b,0x0077,a414d602000000000001001e1e4646000001005a,2,
59.355,REPLY_D6_FRAGMENT,6269,0x1b,0x0077,a414d6031e1e464600000200020200000000005f,3,
59.365,REPLY_D6_FRAGMENT,6270,0x1b,0x0077,a414d6040a3c3c2a000000000a3c3c2a000000ea,4,
59.377,REPLY_D6_FRAGMENT,6272,0x1b,0x0077,a414d605000a3c3c2a000000000000000000003f,5,
59.4,REPLY_D6_FRAGMENT,6273,0x1b,0x0077,a414d60600000000000000000000000000000094,6,
59.41,REPLY_D6_FRAGMENT,6274,0x1b,0x0077,a414d60700000000000000000000000000000095,7,
59.433,REPLY_D6_FRAGMENT,6276,0x1b,0x0077,a414d608000000000000000001020304050607b2,8,
59.444,REPLY_D6_FRAGMENT,6277,0x1b,0x0077,a414d60908090a0b0c0d0e0f1011121314151678,9,
59.467,REPLY_D6_FRAGMENT,6279,0x1b,0x0077,a40ed60a010d191a1b1c1d1e1f64,10,
68.498,D2_ENABLE_REQUEST,6567,0x52,0x0075,a505d2017d,,
68.522,D2_ECHO,6569,0x1b,0x0077,a505d2017d,,
68.523,D2_ECHO,6570,0x1b,0x0077,a505d2017d,,
104.86,BUTTON_FRAME,7742,0x1b,0x0077,a5120200000001fd6500b6fc4f0158000076,,
104.871,BUTTON_FRAME,7744,0x1b,0x0077,a5120200000001fd6500b6fc4f0158000076,,
104.893,BUTTON_FRAME,7745,0x1b,0x0077,a5120200000001fd6500b6fc4f0158000076,,
104.905,BUTTON_FRAME,7746,0x1b,0x0077,a5120200000001fd6500b6fc4f0158000076,,
104.916,BUTTON_FRAME,7747,0x1b,0x0077,a5120200000001fd6500b6fc4f0158000076,,
104.939,BUTTON_FRAME,7748,0x1b,0x0077,a5120200000001fd6500b6fc4f0158000076,,
104.951,BUTTON_FRAME,7749,0x1b,0x0077,a5120200000001fd6500b6fc4f0158000076,,
104.973,BUTTON_FRAME,7751,0x1b,0x0077,a5120200000001fd6500b6fc4f0158000076,,
104.984,BUTTON_FRAME,7752,0x1b,0x0077,a5120200000001fd6500b6fc4f0158000076,,
105.006,BUTTON_FRAME,7753,0x1b,0x0077,a5120200000001fd6500b6fc4f0158000076,,
105.018,BUTTON_FRAME,7754,0x1b,0x0077,a5120200000001fd6500b6fc4f0158000076,,
105.029,BUTTON_FRAME,7755,0x1b,0x0077,a5120200000001fd6500b6fc4f0158000076,,
105.052,BUTTON_FRAME,7756,0x1b,0x0077,a5120200000001fd6500b6fc4f0158000076,,
105.063,BUTTON_FRAME,7757,0x1b,0x0077,a5120200000001fd6500b6fc4f0158000076,,
105.086,BUTTON_FRAME,7758,0x1b,0x0077,a5120200000000fd6500b6fc4f0158000075,,
105.096,BUTTON_FRAME,7759,0x1b,0x0077,a5120200000000fd6500b6fc4f0158000075,,
105.119,BUTTON_FRAME,7760,0x1b,0x0077,a5120200000000fd6500b6fc4f0158000075,,
105.13,BUTTON_FRAME,7761,0x1b,0x0077,a5120200000000fd6500b6fc4f0158000075,,
105.141,BUTTON_FRAME,7762,0x1b,0x0077,a5120200000000fd6500b6fc4f0158000075,,
105.164,BUTTON_FRAME,7763,0x1b,0x0077,a5120200000000fd6500b6fc4f0158000075,,
105.175,BUTTON_FRAME,7764,0x1b,0x0077,a5120200000000fd6500b6fc4f0158000075,,
105.198,BUTTON_FRAME,7766,0x1b,0x0077,a5120200000000fd6500b6fc4f0158000075,,
105.209,BUTTON_FRAME,7767,0x1b,0x0077,a5120200000000fd6500b6fc4f0158000075,,
105.232,BUTTON_FRAME,7768,0x1b,0x0077,a5120200000000fd6500b6fc4f0158000075,,
105.243,BUTTON_FRAME,7769,0x1b,0x0077,a5120200000000fd6500b6fc4f0158000075,,
105.265,BUTTON_FRAME,7770,0x1b,0x0077,a5120200000000fd6500b6fc4f0158000075,,
105.276,BUTTON_FRAME,7771,0x1b,0x0077,a5120200000000fd6500b6fc4f0158000075,,
105.287,BUTTON_FRAME,7772,0x1b,0x0077,a5120200000000fd6500b6fc4f0158000075,,
105.31,BUTTON_FRAME,7774,0x1b,0x0077,a5120200000000fd6500b6fc4f0158000075,,
105.321,BUTTON_FRAME,7775,0x1b,0x0077,a5120200000000fd6500b6fc4f0158000075,,
105.344,BUTTON_FRAME,7776,0x1b,0x0077,a5120200000000fd6500b6fc4f0158000075,,
105.355,BUTTON_FRAME,7777,0x1b,0x0077,a5120200000000fd6500b6fc4f0158000075,,
105.378,BUTTON_FRAME,7778,0x1b,0x0077,a5120200000000fd6500b6fc4f0158000075,,
105.39,BUTTON_FRAME,7779,0x1b,0x0077,a5120200000000fd6500b6fc4f0158000075,,
105.411,BUTTON_FRAME,7781,0x1b,0x0077,a5120200000000fd6500b6fc4f0158000075,,
105.423,BUTTON_FRAME,7782,0x1b,0x0077,a5120200000000fd6500b6fc4f0158000075,,
105.433,BUTTON_FRAME,7783,0x1b,0x0077,a5120200000000fd6500b6fc4f0158000075,,
105.457,BUTTON_FRAME,7784,0x1b,0x0077,a5120200000000fd6500b6fc4f0158000075,,
105.469,BUTTON_FRAME,7785,0x1b,0x0077,a5120200000000fd6500b6fc4f0158000075,,
105.49,BUTTON_FRAME,7786,0x1b,0x0077,a5120200000000fd6500b6fc4f0158000075,,
105.501,BUTTON_FRAME,7787,0x1b,0x0077,a5120200000000fd6500b6fc4f0158000075,,
105.524,BUTTON_FRAME,7789,0x1b,0x0077,a5120200000000fd6500b6fc4f0158000075,,
105.535,BUTTON_FRAME,7790,0x1b,0x0077,a5120200000000fd6500b6fc4f0158000075,,
105.546,BUTTON_FRAME,7791,0x1b,0x0077,a5120200000000fd6500b6fc4f0158000075,,
105.569,BUTTON_FRAME,7792,0x1b,0x0077,a5120200000000fd6500b6fc4f0158000075,,
105.58,BUTTON_FRAME,7793,0x1b,0x0077,a5120200000000fd6500b6fc4f0158000075,,
105.604,BUTTON_FRAME,7795,0x1b,0x0077,a5120200000000fd6500b6fc4f0158000075,,
105.614,BUTTON_FRAME,7796,0x1b,0x0077,a5120200000000fd6500b6fc4f0158000075,,
105.636,BUTTON_FRAME,7797,0x1b,0x0077,a5120200000000fd6500b6fc4f0158000075,,
105.647,BUTTON_FRAME,7802,0x1b,0x0077,a5120200000000fd6500b6fc4f0158000075,,
105.67,BUTTON_FRAME,7803,0x1b,0x0077,a5120200000000fd6500b6fc4f0158000075,,
105.681,BUTTON_FRAME,7804,0x1b,0x0077,a5120200000000fd6500b6fc4f0158000075,,
105.692,BUTTON_FRAME,7805,0x1b,0x0077,a5120200000000fd6500b6fc4f0158000075,,
105.715,BUTTON_FRAME,7806,0x1b,0x0077,a5120200000000fd6500b6fc4f0158000075,,
105.726,BUTTON_FRAME,7807,0x1b,0x0077,a5120200000000fd6500b6fc4f0158000075,,
105.749,BUTTON_FRAME,7808,0x1b,0x0077,a5120200000000fd6500b6fc4f0158000075,,
105.76,BUTTON_FRAME,7809,0x1b,0x0077,a5120200000000fd6500b6fc4f0158000075,,
105.784,BUTTON_FRAME,7810,0x1b,0x0077,a5120200000000fd6500b6fc4f0158000075,,
105.793,BUTTON_FRAME,7812,0x1b,0x0077,a5120200000000fd6500b6fc4f0158000075,,
105.817,BUTTON_FRAME,7813,0x1b,0x0077,a5120200000000fd6500b6fc4f0158000075,,
105.828,BUTTON_FRAME,7814,0x1b,0x0077,a5120200000000fd6500b6fc4f0158000075,,
105.839,BUTTON_FRAME,7815,0x1b,0x0077,a5120200000000fd6500b6fc4f0158000075,,
105.861,BUTTON_FRAME,7816,0x1b,0x0077,a5120200000000fd6500b6fc4f0158000075,,
105.872,BUTTON_FRAME,7817,0x1b,0x0077,a5120200000000fd6500b6fc4f0158000075,,
105.895,BUTTON_FRAME,7818,0x1b,0x0077,a5120200000000fd6500b6fc4f0158000075,,
105.906,BUTTON_FRAME,7819,0x1b,0x0077,a5120200000000fd6500b6fc4f0158000075,,
105.929,BUTTON_FRAME,7820,0x1b,0x0077,a5120200000001fd6500b6fc4f0158000076,,
105.94,BUTTON_FRAME,7822,0x1b,0x0077,a5120200000001fd6500b6fc4f0158000076,,
105.951,BUTTON_FRAME,7823,0x1b,0x0077,a5120200000001fd6500b6fc4f0158000076,,
105.975,BUTTON_FRAME,7825,0x1b,0x0077,a5120200000001fd6500b6fc4f0158000076,,
105.985,BUTTON_FRAME,7826,0x1b,0x0077,a5120200000001fd6500b6fc4f0158000076,,
106.007,BUTTON_FRAME,7827,0x1b,0x0077,a5120200000001fd6500b6fc4f0158000076,,
106.019,BUTTON_FRAME,7828,0x1b,0x0077,a5120200000001fd6500b6fc4f0158000076,,
106.041,BUTTON_FRAME,7829,0x1b,0x0077,a5120200000001fd6500b6fc4f0158000076,,
106.054,BUTTON_FRAME,7830,0x1b,0x0077,a5120200000001fd6500b6fc4f0158000076,,
106.075,BUTTON_FRAME,7831,0x1b,0x0077,a5120200000001fd6500b6fc4f0158000076,,
106.086,BUTTON_FRAME,7832,0x1b,0x0077,a5120200000001fd6500b6fc4f0158000076,,
106.109,BUTTON_FRAME,7833,0x1b,0x0077,a5120200000001fd6500b6fc4f0158000076,,
106.12,BUTTON_FRAME,7834,0x1b,0x0077,a5120200000001fd6500b6fc4f0158000076,,
106.131,BUTTON_FRAME,7835,0x1b,0x0077,a5120200000001fd6500b6fc4f0158000076,,
106.154,BUTTON_FRAME,7837,0x1b,0x0077,a5120200000001fd6500b6fc4f0158000076,,
106.165,BUTTON_FRAME,7838,0x1b,0x0077,a5120200000000fd6500b6fc4f0158000075,,
106.187,BUTTON_FRAME,7840,0x1b,0x0077,a5120200000000fd6500b6fc4f0158000075,,
106.2,BUTTON_FRAME,7841,0x1b,0x0077,a5120200000000fd6500b6fc4f0158000075,,
106.221,BUTTON_FRAME,7842,0x1b,0x0077,a5120200000000fd6500b6fc4f0158000075,,
106.232,BUTTON_FRAME,7843,0x1b,0x0077,a5120200000000fd6500b6fc4f0158000075,,
106.244,BUTTON_FRAME,7844,0x1b,0x0077,a5120200000000fd6500b6fc4f0158000075,,
106.267,BUTTON_FRAME,7845,0x1b,0x0077,a5120200000000fd6500b6fc4f0158000075,,
106.277,BUTTON_FRAME,7850,0x1b,0x0077,a5120200000000fd6500b6fc4f0158000075,,
106.302,BUTTON_FRAME,7851,0x1b,0x0077,a5120200000000fd6500b6fc4f0158000075,,
106.311,BUTTON_FRAME,7852,0x1b,0x0077,a5120200000000fd6500b6fc4f0158000075,,
106.336,BUTTON_FRAME,7853,0x1b,0x0077,a5120200000000fd6500b6fc4f0158000075,,
106.346,BUTTON_FRAME,7854,0x1b,0x0077,a5120200000000fd6500b6fc4f0158000075,,
106.356,BUTTON_FRAME,7855,0x1b,0x0077,a5120200000000fd6500b6fc4f0158000075,,
106.38,BUTTON_FRAME,7857,0x1b,0x0077,a5120200000000fd6500b6fc4f0158000075,,
106.39,BUTTON_FRAME,7858,0x1b,0x0077,a5120200000000fd6500b6fc4f0158000075,,
106.412,BUTTON_FRAME,7859,0x1b,0x0077,a5120200000000fd6500b6fc4f0158000075,,
106.424,BUTTON_FRAME,7860,0x1b,0x0077,a5120200000000fd6500b6fc4f0158000075,,
106.447,BUTTON_FRAME,7861,0x1b,0x0077,a5120200000000fd6500b6fc4f0158000075,,
106.458,BUTTON_FRAME,7862,0x1b,0x0077,a5120200000000fd6500b6fc4f0158000075,,
106.48,BUTTON_FRAME,7863,0x1b,0x0077,a5120200000000fd6500b6fc4f0158000075,,
106.491,BUTTON_FRAME,7864,0x1b,0x0077,a5120200000000fd6500b6fc4f0158000075,,
106.502,BUTTON_FRAME,7865,0x1b,0x0077,a5120200000000fd6500b6fc4f0158000075,,
106.525,BUTTON_FRAME,7866,0x1b,0x0077,a5120200000000fd6500b6fc4f0158000075,,
106.536,BUTTON_FRAME,7867,0x1b,0x0077,a5120200000000fd6500b6fc4f0158000075,,
106.558,BUTTON_FRAME,7869,0x1b,0x0077,a5120200000000fd6500b6fc4f0158000075,,
106.57,BUTTON_FRAME,7870,0x1b,0x0077,a5120200000000fd6500b6fc4f0158000075,,
106.594,BUTTON_FRAME,7871,0x1b,0x0077,a5120200000000fd6500b6fc4f0158000075,,
106.604,BUTTON_FRAME,7873,0x1b,0x0077,a5120200000000fd6500b6fc4f0158000075,,
106.626,BUTTON_FRAME,7874,0x1b,0x0077,a5120200000000fd6500b6fc4f0158000075,,
106.638,BUTTON_FRAME,7875,0x1b,0x0077,a5120200000000fd6500b6fc4f0158000075,,
106.65,BUTTON_FRAME,7876,0x1b,0x0077,a5120200000000fd6500b6fc4f0158000075,,
106.671,BUTTON_FRAME,7877,0x1b,0x0077,a5120200000000fd6500b6fc4f0158000075,,
106.683,BUTTON_FRAME,7878,0x1b,0x0077,a5120200000000fd6500b6fc4f0158000075,,
106.705,BUTTON_FRAME,7879,0x1b,0x0077,a5120200000000fd6500b6fc4f0158000075,,
106.716,BUTTON_FRAME,7880,0x1b,0x0077,a5120200000000fd6500b6fc4f0158000075,,
106.739,BUTTON_FRAME,7881,0x1b,0x0077,a5120200000000fd6500b6fc4f0158000075,,
106.75,BUTTON_FRAME,7882,0x1b,0x0077,a5120200000000fd6500b6fc4f0158000075,,
106.761,BUTTON_FRAME,7883,0x1b,0x0077,a5120200000000fd6500b6fc4f0158000075,,
106.784,BUTTON_FRAME,7884,0x1b,0x0077,a5120200000000fd6500b6fc4f0158000075,,
106.796,BUTTON_FRAME,7886,0x1b,0x0077,a5120200000000fd6500b6fc4f0158000075,,
106.818,BUTTON_FRAME,7887,0x1b,0x0077,a5120200000000fd6500b6fc4f0158000075,,
106.829,BUTTON_FRAME,7888,0x1b,0x0077,a5120200000000fd6500b6fc4f0158000075,,
106.851,BUTTON_FRAME,7889,0x1b,0x0077,a5120200000000fd6500b6fc4f0158000075,,
106.863,BUTTON_FRAME,7890,0x1b,0x0077,a5120200000000fd6500b6fc4f0158000075,,
106.885,BUTTON_FRAME,7891,0x1b,0x0077,a5120200000000fd6500b6fc4f0158000075,,
106.897,BUTTON_FRAME,7892,0x1b,0x0077,a5120200000000fd6500b6fc4f0158000075,,
106.907,BUTTON_FRAME,7896,0x1b,0x0077,a5120200000000fd6500b6fc4f0158000075,,
106.93,BUTTON_FRAME,7897,0x1b,0x0077,a5120200000000fd6500b6fc4f0158000075,,
106.941,BUTTON_FRAME,7898,0x1b,0x0077,a5120200000000fd6500b6fc4f0158000075,,
106.966,BUTTON_FRAME,7900,0x1b,0x0077,a5120200000000fd6500b6fc4f0158000075,,
106.986,BUTTON_FRAME,7901,0x1b,0x0077,a5120200000000fd6500b6fc4f0158000075,,
106.998,BUTTON_FRAME,7902,0x1b,0x0077,a5120200000000fd6500b6fc4f0158000075,,
107.009,BUTTON_FRAME,7903,0x1b,0x0077,a5120200000000fd6500b6fc4f0158000075,,
107.031,BUTTON_FRAME,7904,0x1b,0x0077,a5120200000000fd6500b6fc4f0158000075,,
107.043,BUTTON_FRAME,7905,0x1b,0x0077,a5120200000000fd6500b6fc4f0158000075,,
107.054,BUTTON_FRAME,7906,0x1b,0x0077,a5120200000000fd6500b6fc4f0158000075,,
107.076,BUTTON_FRAME,7907,0x1b,0x0077,a5120200000000fd6500b6fc4f0158000075,,
107.088,BUTTON_FRAME,7908,0x1b,0x0077,a5120200000000fd6500b6fc4f0158000075,,
107.11,BUTTON_FRAME,7909,0x1b,0x0077,a5120200000000fd6500b6fc4f0158000075,,
107.121,BUTTON_FRAME,7910,0x1b,0x0077,a5120200000000fd6500b6fc4f0158000075,,
107.145,BUTTON_FRAME,7911,0x1b,0x0077,a5120200000000fd6500b6fc4f0158000075,,
107.157,BUTTON_FRAME,7912,0x1b,0x0077,a5120200000000fd6500b6fc4f0158000075,,
107.167,BUTTON_FRAME,7914,0x1b,0x0077,a5120200000000fd6500b6fc4f0158000075,,
107.189,BUTTON_FRAME,7915,0x1b,0x0077,a5120200000000fd6500b6fc4f0158000075,,
107.2,BUTTON_FRAME,7916,0x1b,0x0077,a5120200000000fd6500b6fc4f0158000075,,
107.222,BUTTON_FRAME,7917,0x1b,0x0077,a5120200000000fd6500b6fc4f0158000075,,
107.234,BUTTON_FRAME,7918,0x1b,0x0077,a5120200000000fd6500b6fc4f0158000075,,
107.256,BUTTON_FRAME,7919,0x1b,0x0077,a5120200000000fd6500b6fc4f0158000075,,
107.267,BUTTON_FRAME,7920,0x1b,0x0077,a5120200000000fd6500b6fc4f0158000075,,
107.29,BUTTON_FRAME,7921,0x1b,0x0077,a5120200000000fd6500b6fc4f0158000075,,
107.301,BUTTON_FRAME,7922,0x1b,0x0077,a5120200000000fd6500b6fc4f0158000075,,
107.313,BUTTON_FRAME,7923,0x1b,0x0077,a5120200000000fd6500b6fc4f0158000075,,
107.335,BUTTON_FRAME,7925,0x1b,0x0077,a5120200000000fd6500b6fc4f0158000075,,
107.346,BUTTON_FRAME,7929,0x1b,0x0077,a5120200000000fd6500b6fc4f0158000075,,
129.526,D2_DISABLE_REQUEST,8617,0x52,0x0075,a505d2007c,,
129.542,D2_ECHO,8619,0x1b,0x0077,a505d2007c,,
129.544,D2_ECHO,8620,0x1b,0x0077,a505d2007c,,
